{
  "Gd" : [
    {
      "angular" : "s",
      "prim" : [5.8693609000e+07, 1.3406971000e+07, 3.7954544000e+06, 1.1841213000e+06, 4.0081176000e+05, 1.4474195000e+05, 5.5334627000e+04, 2.2235451000e+04, 9.3399612000e+03, 4.0805062000e+03, 1.8460642000e+03, 8.6139893000e+02, 4.1137742000e+02, 1.8855668000e+02, 9.4605311000e+01, 4.8193729000e+01, 2.2753901000e+01, 1.1802602000e+01, 5.1150131000e+00, 2.5138521000e+00, 3.5196390000e-01, 2.6847888000e-02],
      "cont" : [[8.2448021000e-05, 2.2897480000e-04, 5.5947708000e-04, 1.2935383000e-03, 2.9711310000e-03, 6.8327198000e-03, 1.5764781000e-02, 3.5985477000e-02, 7.9153784000e-02, 1.5948970000e-01, 2.6982433000e-01, 3.2369894000e-01, 2.0669362000e-01, 3.9206742000e-02, -2.6431568000e-03, 1.6126041000e-03, -9.1432200000e-04, 4.6970797000e-04, -2.0906207000e-04, 9.7833053000e-05, 1.5096394000e-05, 1.7799246000e-06]]
    }, {
      "angular" : "s",
      "prim" : [5.8693609000e+07, 1.3406971000e+07, 3.7954544000e+06, 1.1841213000e+06, 4.0081176000e+05, 1.4474195000e+05, 5.5334627000e+04, 2.2235451000e+04, 9.3399612000e+03, 4.0805062000e+03, 1.8460642000e+03, 8.6139893000e+02, 4.1137742000e+02, 1.8855668000e+02, 9.4605311000e+01, 4.8193729000e+01, 2.2753901000e+01, 1.1802602000e+01, 5.1150131000e+00, 2.5138521000e+00, 3.5196390000e-01, 2.6847888000e-02],
      "cont" : [[-2.9960451000e-05, -8.3484861000e-05, -2.0480049000e-04, -4.7670377000e-04, -1.1034477000e-03, -2.5656923000e-03, -5.9908713000e-03, -1.3945630000e-02, -3.1583276000e-02, -6.7665336000e-02, -1.2798941000e-01, -1.8971554000e-01, -1.2707393000e-01, 2.4796274000e-01, 5.7431639000e-01, 3.1961656000e-01, 3.4588885000e-02, -2.3657659000e-03, 6.3570307000e-04, -3.8293210000e-04, -4.8362714000e-05, -5.9492006000e-06]]
    }, {
      "angular" : "s",
      "prim" : [5.8693609000e+07, 1.3406971000e+07, 3.7954544000e+06, 1.1841213000e+06, 4.0081176000e+05, 1.4474195000e+05, 5.5334627000e+04, 2.2235451000e+04, 9.3399612000e+03, 4.0805062000e+03, 1.8460642000e+03, 8.6139893000e+02, 4.1137742000e+02, 1.8855668000e+02, 9.4605311000e+01, 4.8193729000e+01, 2.2753901000e+01, 1.1802602000e+01, 5.1150131000e+00, 2.5138521000e+00, 3.5196390000e-01, 2.6847888000e-02],
      "cont" : [[1.3906612000e-05, 3.8781309000e-05, 9.5156007000e-05, 2.2184082000e-04, 5.1369856000e-04, 1.1977513000e-03, 2.7975821000e-03, 6.5454825000e-03, 1.4853458000e-02, 3.2256956000e-02, 6.1879963000e-02, 9.5995457000e-02, 6.4677402000e-02, -1.7664008000e-01, -5.5829194000e-01, -3.2071846000e-01, 6.9198313000e-01, 6.4193776000e-01, 7.3514353000e-02, -5.8147198000e-03, -8.1167640000e-04, -8.6403898000e-05]]
    }, {
      "angular" : "s",
      "prim" : [5.8693609000e+07, 1.3406971000e+07, 3.7954544000e+06, 1.1841213000e+06, 4.0081176000e+05, 1.4474195000e+05, 5.5334627000e+04, 2.2235451000e+04, 9.3399612000e+03, 4.0805062000e+03, 1.8460642000e+03, 8.6139893000e+02, 4.1137742000e+02, 1.8855668000e+02, 9.4605311000e+01, 4.8193729000e+01, 2.2753901000e+01, 1.1802602000e+01, 5.1150131000e+00, 2.5138521000e+00, 3.5196390000e-01, 2.6847888000e-02],
      "cont" : [[6.6845857000e-06, 1.8635371000e-05, 4.5759843000e-05, 1.0661275000e-04, 2.4724611000e-04, 5.7570684000e-04, 1.3484292000e-03, 3.1471142000e-03, 7.1792938000e-03, 1.5540980000e-02, 3.0174910000e-02, 4.6657602000e-02, 3.2780810000e-02, -9.6524778000e-02, -3.1209201000e-01, -2.1377409000e-01, 6.7854853000e-01, 8.0354994000e-01, -7.3035131000e-01, -7.8177780000e-01, 9.5652147000e-03, 8.7922021000e-04]]
    }, {
      "angular" : "s",
      "prim" : [5.8693609000e+07, 1.3406971000e+07, 3.7954544000e+06, 1.1841213000e+06, 4.0081176000e+05, 1.4474195000e+05, 5.5334627000e+04, 2.2235451000e+04, 9.3399612000e+03, 4.0805062000e+03, 1.8460642000e+03, 8.6139893000e+02, 4.1137742000e+02, 1.8855668000e+02, 9.4605311000e+01, 4.8193729000e+01, 2.2753901000e+01, 1.1802602000e+01, 5.1150131000e+00, 2.5138521000e+00, 3.5196390000e-01, 2.6847888000e-02],
      "cont" : [[-2.6541802000e-06, -7.3999124000e-06, -1.8170032000e-05, -4.2339553000e-05, -9.8181892000e-05, -2.2867864000e-04, -5.3552002000e-04, -1.2505027000e-03, -2.8520225000e-03, -6.1807978000e-03, -1.2002587000e-02, -1.8619501000e-02, -1.3063174000e-02, 3.9152043000e-02, 1.2890062000e-01, 9.0641191000e-02, -3.1548370000e-01, -4.0309816000e-01, 5.2021996000e-01, 7.5624993000e-01, -6.3578736000e-01, 6.0661831000e-03]]
    }, {
      "angular" : "s",
      "prim" : [5.8693609000e+07, 1.3406971000e+07, 3.7954544000e+06, 1.1841213000e+06, 4.0081176000e+05, 1.4474195000e+05, 5.5334627000e+04, 2.2235451000e+04, 9.3399612000e+03, 4.0805062000e+03, 1.8460642000e+03, 8.6139893000e+02, 4.1137742000e+02, 1.8855668000e+02, 9.4605311000e+01, 4.8193729000e+01, 2.2753901000e+01, 1.1802602000e+01, 5.1150131000e+00, 2.5138521000e+00, 3.5196390000e-01, 2.6847888000e-02],
      "cont" : [[-7.1505649000e-07, -1.9937828000e-06, -4.8949848000e-06, -1.1408426000e-05, -2.6448492000e-05, -6.1625306000e-05, -1.4424385000e-04, -3.3705974000e-04, -7.6808077000e-04, -1.6666164000e-03, -3.2317003000e-03, -5.0272480000e-03, -3.5039488000e-03, 1.0534179000e-02, 3.5033895000e-02, 2.4419928000e-02, -8.6421536000e-02, -1.1320653000e-01, 1.5365292000e-01, 2.3392747000e-01, -4.2731858000e-01, 5.2176350000e-01]]
    }, {
      "angular" : "s",
      "prim" : [7.7600620000e-01],
      "cont" : [[1.0000000000e+00]]
    }, {
      "angular" : "s",
      "prim" : [6.6098840000e-02],
      "cont" : [[1.0000000000e+00]]
    }, {
      "angular" : "p",
      "prim" : [2.2036596000e+06, 3.1856690000e+05, 6.6221320000e+04, 1.7252937000e+04, 5.3792552000e+03, 1.9340056000e+03, 7.7414665000e+02, 3.3518548000e+02, 1.5346590000e+02, 7.2924615000e+01, 3.4899784000e+01, 1.7361751000e+01, 8.4255410000e+00, 4.1252493000e+00, 1.9729167000e+00, 7.8041885000e-01, 2.5022811000e-02],
      "cont" : [[5.4015140000e-05, 1.9294292000e-04, 6.7047557000e-04, 2.5029917000e-03, 9.8277074000e-03, 3.6317723000e-02, 1.1336029000e-01, 2.6667765000e-01, 4.0112237000e-01, 2.8868372000e-01, 6.3311735000e-02, 1.0864903000e-03, 2.9103459000e-04, -2.1031911000e-04, 2.6216963000e-05, -1.0567981000e-05, 3.8314784000e-07]]
    }, {
      "angular" : "p",
      "prim" : [2.2036596000e+06, 3.1856690000e+05, 6.6221320000e+04, 1.7252937000e+04, 5.3792552000e+03, 1.9340056000e+03, 7.7414665000e+02, 3.3518548000e+02, 1.5346590000e+02, 7.2924615000e+01, 3.4899784000e+01, 1.7361751000e+01, 8.4255410000e+00, 4.1252493000e+00, 1.9729167000e+00, 7.8041885000e-01, 2.5022811000e-02],
      "cont" : [[-2.6577729000e-05, -9.5036894000e-05, -3.3153711000e-04, -1.2436117000e-03, -4.9351066000e-03, -1.8496220000e-02, -5.9744111000e-02, -1.4767486000e-01, -2.3589357000e-01, -8.7743693000e-02, 3.9674951000e-01, 5.6316633000e-01, 1.7172515000e-01, 3.8298922000e-03, 2.4576498000e-03, -7.1052835000e-04, 2.7748224000e-05]]
    }, {
      "angular" : "p",
      "prim" : [2.2036596000e+06, 3.1856690000e+05, 6.6221320000e+04, 1.7252937000e+04, 5.3792552000e+03, 1.9340056000e+03, 7.7414665000e+02, 3.3518548000e+02, 1.5346590000e+02, 7.2924615000e+01, 3.4899784000e+01, 1.7361751000e+01, 8.4255410000e+00, 4.1252493000e+00, 1.9729167000e+00, 7.8041885000e-01, 2.5022811000e-02],
      "cont" : [[1.2566165000e-05, 4.4947564000e-05, 1.5690795000e-04, 5.8935145000e-04, 2.3432569000e-03, 8.8143924000e-03, 2.8671970000e-02, 7.1762798000e-02, 1.1619656000e-01, 3.0320316000e-02, -2.8703980000e-01, -4.4214908000e-01, 2.0354369000e-01, 7.0017044000e-01, 3.0331348000e-01, 1.7757486000e-02, -4.9997242000e-05]]
    }, {
      "angular" : "p",
      "prim" : [2.2036596000e+06, 3.1856690000e+05, 6.6221320000e+04, 1.7252937000e+04, 5.3792552000e+03, 1.9340056000e+03, 7.7414665000e+02, 3.3518548000e+02, 1.5346590000e+02, 7.2924615000e+01, 3.4899784000e+01, 1.7361751000e+01, 8.4255410000e+00, 4.1252493000e+00, 1.9729167000e+00, 7.8041885000e-01, 2.5022811000e-02],